{
  "auc": 0.9875073486184597,
  "confusion_matrix": [
    [
      28,
      0
    ],
    [
      87,
      885
    ]
  ],
  "report": {
    "0": {
      "precision": 0.24347826086956523,
      "recall": 1.0,
      "f1-score": 0.3916083916083916,
      "support": 28.0
    },
    "1": {
      "precision": 1.0,
      "recall": 0.9104938271604939,
      "f1-score": 0.9531502423263328,
      "support": 972.0
    },
    "accuracy": 0.913,
    "macro avg": {
      "precision": 0.6217391304347826,
      "recall": 0.9552469135802469,
      "f1-score": 0.6723793169673622,
      "support": 1000.0
    },
    "weighted avg": {
      "precision": 0.9788173913043478,
      "recall": 0.913,
      "f1-score": 0.9374270705062305,
      "support": 1000.0
    }
  }
}